,movie,year,imdb,metascore,votes,us_grossMillions,timeMin
0,Zack Snyder's Justice League,2021,8.2,54.0,228506,,242
1,Avengers: Endgame,2019,8.4,78.0,846287,858.37,181
2,Sound of Metal,2019,7.8,82.0,50719,,120
3,The Trial of the Chicago 7,2020,7.8,77.0,119961,,129
4,Soul,2020,8.1,83.0,211578,,100
5,Judas and the Black Messiah,2021,7.6,85.0,30225,,126
6,Another Round,2020,7.8,80.0,53164,,117
7,The Dark Knight,2008,9.0,84.0,2332673,534.86,152
8,Avengers: Infinity War,2018,8.4,68.0,858386,678.82,149
9,Watchmen,2009,7.6,56.0,508538,107.51,162
10,Joker,2019,8.4,59.0,972087,335.45,122
11,The Godfather,1972,9.2,100.0,1640788,134.97,175
12,Once Upon a Time... In Hollywood,2019,7.6,83.0,568314,142.5,161
13,The Shawshank Redemption,1994,9.3,80.0,2369559,28.34,142
14,Interstellar,2014,8.6,74.0,1537076,188.02,169
15,Blade Runner 2049,2017,8.0,81.0,471026,92.05,164
16,Parasite,2019,8.6,96.0,582956,53.37,132
17,Guardians of the Galaxy,2014,8.0,76.0,1054508,333.18,121
18,Bohemian Rhapsody,2018,8.0,49.0,459969,216.43,134
19,The Gentlemen,2019,7.8,51.0,253281,,113
20,The Lord of the Rings: The Fellowship of the Ring,2001,8.8,92.0,1678933,315.54,178
21,Thor: Ragnarok,2017,7.9,74.0,601845,315.06,130
22,Harry Potter and the Sorcerer's Stone,2001,7.6,64.0,667084,317.58,152
23,Inception,2010,8.8,74.0,2092679,292.58,148
24,Back to the Future,1985,8.5,87.0,1070757,210.61,116
25,The Wolf of Wall Street,2013,8.2,75.0,1208103,116.9,180
26,Captain America: The Winter Soldier,2014,7.7,70.0,746311,259.77,136
27,Captain America: Civil War,2016,7.8,75.0,675071,408.08,147
28,Titanic,1997,7.8,75.0,1056926,659.33,194
29,The Avengers,2012,8.0,69.0,1272403,623.28,143
30,Pulp Fiction,1994,8.9,94.0,1846329,107.93,154
31,Knives Out,2019,7.9,82.0,475049,165.36,130
32,Captain Fantastic,2016,7.9,72.0,194091,5.88,118
33,300,2006,7.6,52.0,738325,210.61,117
34,Gone Girl,2014,8.1,79.0,872797,167.77,149
35,Tombstone,1993,7.8,50.0,128506,56.51,130
36,Jojo Rabbit,2019,7.9,58.0,309888,0.35,108
37,Deadpool,2016,8.0,65.0,912972,363.07,108
38,1917,2019,8.3,78.0,446475,159.23,119
39,Alien,1979,8.4,89.0,796041,78.9,117
40,Jurassic Park,1993,8.1,68.0,876668,402.45,127
41,Deadpool 2,2018,7.7,66.0,488881,324.59,119
42,Goodfellas,1990,8.7,90.0,1033132,46.84,146
43,Iron Man,2008,7.9,79.0,950294,318.41,126
44,Dazed and Confused,1993,7.6,78.0,167786,7.99,102
45,Into the Wild,2007,8.1,73.0,578943,18.35,148
46,The Dark Knight Rises,2012,8.4,78.0,1531800,448.14,164
47,Mad Max: Fury Road,2015,8.1,90.0,892732,154.06,120
48,The Silence of the Lambs,1991,8.6,85.0,1286344,130.74,118
49,Forrest Gump,1994,8.8,82.0,1832103,330.25,142
50,Avatar,2009,7.8,83.0,1127118,760.51,162
51,The Departed,2006,8.5,85.0,1202765,132.38,151
52,Little Women,2019,7.8,91.0,149590,108.1,135
53,The Matrix,1999,8.7,73.0,1695140,171.48,136
54,Gladiator,2000,8.5,67.0,1354865,187.71,155
55,Batman Begins,2005,8.2,70.0,1321423,206.85,140
56,Inglourious Basterds,2009,8.3,69.0,1284150,120.54,153
57,Fight Club,1999,8.8,66.0,1875395,37.03,139
58,Guardians of the Galaxy Vol. 2,2017,7.6,67.0,579376,389.81,136
59,No Country for Old Men,2007,8.1,91.0,867643,74.28,122
60,Spider-Man: Into the Spider-Verse,2018,8.4,87.0,388692,190.24,117
61,The Prestige,2006,8.5,66.0,1204117,53.09,130
62,Schindler's List,1993,8.9,94.0,1225395,96.9,195
63,Hamilton,2020,8.5,90.0,60852,,160
64,American Psycho,2000,7.6,64.0,499599,15.07,101
65,Citizen Kane,1941,8.3,100.0,408301,1.59,119
66,Léon: The Professional,1994,8.5,64.0,1046946,19.5,110
67,Heat,1995,8.2,76.0,584284,67.44,170
68,The Lord of the Rings: The Return of the King,2003,8.9,94.0,1659140,377.85,201
69,The Grand Budapest Hotel,2014,8.1,88.0,718336,59.1,99
70,Terminator 2: Judgment Day,1991,8.5,75.0,1003768,204.84,137
71,Ford v Ferrari,2019,8.1,81.0,303580,117.62,152
72,Blade Runner,1982,8.1,84.0,700088,32.87,117
73,Se7en,1995,8.6,65.0,1462930,100.13,127
74,Whiplash,2014,8.5,88.0,728959,13.09,106
75,Apocalypse Now,1979,8.4,94.0,612509,83.47,147
76,Django Unchained,2012,8.4,81.0,1374877,162.81,165
77,Harry Potter and the Deathly Hallows: Part 2,2011,8.1,85.0,773439,381.01,130
78,Shutter Island,2010,8.2,63.0,1146534,128.01,138
79,Taxi Driver,1976,8.2,94.0,734031,28.26,114
80,Who's Afraid of Virginia Woolf?,1966,8.0,75.0,69517,,131
81,The Green Mile,1999,8.6,61.0,1162028,136.8,189
82,Requiem for a Dream,2000,8.3,68.0,774389,3.64,102
83,Get Out,2017,7.7,85.0,500892,176.04,104
84,Prisoners,2013,8.1,70.0,610059,61.0,153
85,The Breakfast Club,1985,7.8,66.0,360141,45.88,97
86,The Hobbit: An Unexpected Journey,2012,7.8,58.0,762805,303.0,169
87,Arrival,2016,7.9,81.0,603042,100.55,116
88,Indiana Jones and the Raiders of the Lost Ark,1981,8.4,85.0,891088,248.16,115
89,Green Book,2018,8.2,69.0,392531,85.08,130
90,Wonder,2017,8.0,66.0,145077,132.42,113
91,Pirates of the Caribbean: The Curse of the Black Pearl,2003,8.0,63.0,1021084,305.41,143
92,Moana,2016,7.6,81.0,277927,248.76,107
93,The Irishman,2019,7.8,94.0,332472,7.0,209
94,Scarface,1983,8.3,65.0,750398,45.6,170
95,Call Me by Your Name,2017,7.9,93.0,218667,18.1,132
96,Pride & Prejudice,2005,7.8,82.0,262704,38.41,129
97,The Princess Bride,1987,8.0,77.0,396520,30.86,98
98,Dunkirk,2017,7.8,94.0,564753,188.37,106
99,Saving Private Ryan,1998,8.6,91.0,1249025,216.54,169
100,American Beauty,1999,8.3,84.0,1078122,130.1,122
101,The Perks of Being a Wallflower,2012,8.0,67.0,466910,17.74,103
102,Baby Driver,2017,7.6,86.0,446625,107.83,113
103,The Goonies,1985,7.8,62.0,246799,61.5,114
104,Hidden Figures,2016,7.8,74.0,204122,169.61,127
105,Training Day,2001,7.7,69.0,396120,76.63,122
106,A Clockwork Orange,1971,8.3,77.0,764557,6.21,136
107,The Fifth Element,1997,7.7,52.0,437365,63.54,126
108,The Shining,1980,8.4,66.0,908697,44.02,146
109,Aliens,1986,8.3,84.0,658201,85.16,137
110,Star Wars: Episode IV - A New Hope,1977,8.6,90.0,1242185,322.74,121
111,Anatomy of a Murder,1959,8.0,95.0,60413,11.9,161
112,Argo,2012,7.7,86.0,577584,136.03,120
113,Good Will Hunting,1997,8.3,70.0,871346,138.43,126
114,A Star Is Born,2018,7.6,88.0,340354,215.29,136
115,One Flew Over the Cuckoo's Nest,1975,8.7,83.0,926677,112.0,133
116,Dances with Wolves,1990,8.0,72.0,242995,184.21,181
117,The Godfather: Part II,1974,9.0,90.0,1142911,57.3,202
118,The Truman Show,1998,8.1,90.0,951977,125.62,103
119,The Lion King,1994,8.5,88.0,952861,422.78,88
120,Spirited Away,2001,8.6,96.0,661968,10.06,125
121,About Time,2013,7.8,55.0,308744,15.32,123
122,Donnie Darko,2001,8.0,88.0,745353,1.48,113
123,Mission: Impossible - Fallout,2018,7.7,86.0,295633,220.16,147
124,The Lord of the Rings: The Two Towers,2002,8.7,87.0,1500346,342.55,179
125,"Three Billboards Outside Ebbing, Missouri",2017,8.1,88.0,441995,54.51,115
126,Harry Potter and the Goblet of Fire,2005,7.7,81.0,554766,290.01,157
127,Snatch,2000,8.3,55.0,788707,30.33,102
128,There Will Be Blood,2007,8.2,93.0,524119,40.22,158
129,Stardust,2007,7.6,66.0,256754,38.63,127
130,12 Angry Men,1957,9.0,96.0,699246,4.36,96
131,Trainspotting,1996,8.1,83.0,639488,16.5,93
132,The Hunt,2012,8.3,77.0,287234,0.69,115
133,The Social Network,2010,7.7,95.0,632312,96.96,120
134,The Pianist,2002,8.5,85.0,739902,32.57,150
135,The Big Short,2015,7.8,81.0,371199,70.26,130
136,Logan,2017,8.1,77.0,657419,226.28,137
137,Dead Poets Society,1989,8.1,79.0,432023,95.86,128
138,Rocky,1976,8.1,70.0,523836,117.24,120
139,The Usual Suspects,1995,8.5,77.0,1000238,23.34,106
140,Kingsman: The Secret Service,2014,7.7,60.0,595355,128.26,129
141,Reservoir Dogs,1992,8.3,79.0,928017,2.83,99
142,Silver Linings Playbook,2012,7.7,81.0,666703,132.09,122
143,The Terminator,1984,8.0,84.0,803734,38.4,107
144,The Invisible Guest,2016,8.1,,148229,,106
145,The Help,2011,8.0,62.0,432045,169.71,146
146,Fargo,1996,8.1,85.0,623464,24.61,98
147,The Martian,2015,8.0,80.0,768509,228.43,144
148,Braveheart,1995,8.3,68.0,966718,75.6,178
149,Memento,2000,8.4,80.0,1136182,25.54,113
150,The Intouchables,2011,8.5,57.0,770667,13.18,112
151,My Fair Lady,1964,7.8,95.0,87287,72.0,170
152,Rogue One: A Star Wars Story,2016,7.8,65.0,562310,532.18,133
153,Sicario,2015,7.6,82.0,376189,46.89,121
154,La La Land,2016,8.0,94.0,513617,151.1,128
155,The Girl with the Dragon Tattoo,2011,7.8,71.0,427603,102.52,158
156,Zootopia,2016,8.0,78.0,439358,341.27,108
157,The Big Lebowski,1998,8.1,71.0,739025,17.5,117
158,Oldboy,2003,8.4,77.0,521712,0.71,120
159,Mulholland Drive,2001,7.9,85.0,325685,7.22,147
160,Inside Man,2006,7.6,76.0,343815,88.51,129
161,The Hateful Eight,2015,7.8,68.0,524773,54.12,168
162,Black Swan,2010,8.0,79.0,705407,106.95,108
163,Almost Famous,2000,7.9,90.0,254855,32.53,122
164,Wind River,2017,7.7,73.0,210634,33.8,107
165,Die Hard,1988,8.2,72.0,799321,83.01,132
166,Stand by Me,1986,8.1,75.0,366662,52.29,89
167,Eternal Sunshine of the Spotless Mind,2004,8.3,89.0,920049,34.4,108
168,Boogie Nights,1997,7.9,85.0,241830,26.4,155
169,The Revenant,2015,8.0,76.0,714460,183.64,156
170,Full Metal Jacket,1987,8.3,76.0,681464,46.36,116
171,Nightcrawler,2014,7.9,76.0,473656,32.38,117
172,The Hobbit: The Desolation of Smaug,2013,7.8,66.0,606305,258.37,161
173,Platoon,1986,8.1,92.0,384508,138.53,120
174,"The Good, the Bad and the Ugly",1966,8.8,90.0,695144,6.1,178
175,Harry Potter and the Prisoner of Azkaban,2004,7.9,82.0,558839,249.36,142
176,Hacksaw Ridge,2016,8.1,71.0,443518,67.21,139
177,Breakfast at Tiffany's,1961,7.6,76.0,168159,,115
178,Kill Bill: Vol. 1,2003,8.1,69.0,1010457,70.1,111
179,American History X,1998,8.5,62.0,1042971,6.72,119
180,The Peanut Butter Falcon,2019,7.6,70.0,69035,13.12,97
181,The Imitation Game,2014,8.0,73.0,692918,91.13,114
182,Zodiac,2007,7.7,78.0,473808,33.08,157
183,Her,2013,8.0,90.0,547630,25.57,126
184,City of God,2002,8.6,79.0,704867,7.56,130
185,Room,2015,8.1,86.0,377142,14.68,118
186,A Beautiful Mind,2001,8.2,72.0,857778,170.74,135
187,The Notebook,2004,7.8,53.0,525663,81.0,123
188,Kick-Ass,2010,7.6,66.0,527830,48.07,117
189,Back to the Future Part II,1989,7.8,57.0,486082,118.5,108
190,X-Men: Days of Future Past,2014,7.9,75.0,665041,233.92,132
191,2001: A Space Odyssey,1968,8.3,84.0,609614,56.95,149
192,Drive,2011,7.8,78.0,577126,35.06,100
193,Psycho,1960,8.5,97.0,610561,32.0,109
194,Atonement,2007,7.8,85.0,254347,50.93,123
195,Portrait of a Lady on Fire,2019,8.1,95.0,67788,3.76,122
196,Ex Machina,2014,7.7,78.0,478976,25.44,108
197,Once Upon a Time in America,1984,8.4,,315268,5.32,229
198,The Handmaiden,2016,8.1,84.0,117444,2.01,145
199,Casino,1995,8.2,73.0,471826,42.44,178
200,Catch Me If You Can,2002,8.1,75.0,845773,164.62,141
201,Casino Royale,2006,8.0,80.0,585920,167.45,144
202,True Romance,1993,7.9,59.0,208697,12.28,119
203,Ghostbusters,1984,7.8,71.0,358400,238.63,105
204,Coco,2017,8.4,81.0,396049,209.73,105
205,Casablanca,1942,8.5,100.0,526954,1.02,102
206,X-Men: First Class,2011,7.7,65.0,649856,146.41,131
207,Dallas Buyers Club,2013,8.0,80.0,446895,27.3,117
208,Life Is Beautiful,1997,8.6,59.0,630958,57.6,116
209,Indiana Jones and the Last Crusade,1989,8.2,65.0,697482,197.17,127
210,Toy Story,1995,8.3,95.0,896775,191.8,81
211,The Third Man,1949,8.1,97.0,160077,0.45,93
212,The Hangover,2009,7.7,73.0,721932,277.32,100
213,Inside Out,2015,8.1,94.0,625631,356.46,95
214,Your Name.,2016,8.4,79.0,202343,5.02,106
215,V for Vendetta,2005,8.2,62.0,1041231,70.51,132
216,Capernaum,2018,8.4,75.0,66064,1.66,126
217,Ratatouille,2007,8.0,96.0,648426,206.45,111
218,Spotlight,2015,8.1,93.0,426023,45.06,129
219,12 Monkeys,1995,8.0,74.0,582568,57.14,129
220,Sin City,2005,8.0,74.0,740584,74.1,124
221,Harry Potter and the Deathly Hallows: Part 1,2010,7.7,65.0,484848,295.98,146
222,The Incredibles,2004,8.0,90.0,662375,261.44,115
223,The Blues Brothers,1980,7.9,60.0,184789,57.23,133
224,Brokeback Mountain,2005,7.7,87.0,325824,83.04,134
225,Little Miss Sunshine,2006,7.8,80.0,443300,59.89,101
226,Dark Waters,2019,7.6,73.0,64861,,126
227,The Godfather: Part III,1990,7.6,60.0,363991,66.67,162
228,A Few Good Men,1992,7.7,62.0,237774,141.34,138
229,Ferris Bueller's Day Off,1986,7.8,61.0,323803,70.14,103
230,The Ten Commandments,1956,7.9,,64183,93.74,220
231,Manchester by the Sea,2016,7.8,96.0,250767,47.7,137
232,Rain Man,1988,8.0,65.0,476972,178.8,133
233,E.T. the Extra-Terrestrial,1982,7.8,91.0,375523,435.11,115
234,Apocalypto,2006,7.8,68.0,293039,50.87,139
235,Office Space,1999,7.7,68.0,243928,10.82,89
236,"Lock, Stock and Two Smoking Barrels",1998,8.2,66.0,540242,3.9,107
237,Come and See,1985,8.3,,61000,,142
238,Ocean's Eleven,2001,7.7,74.0,521259,183.42,116
239,The Sound of Music,1965,8.0,63.0,208922,163.21,172
240,Lawrence of Arabia,1962,8.3,100.0,270626,44.82,228
241,Predator,1987,7.8,45.0,374479,59.74,107
242,Star Wars: Episode VII - The Force Awakens,2015,7.9,80.0,866583,936.66,138
243,Howl's Moving Castle,2004,8.2,80.0,340010,4.71,119
244,Jaws,1975,8.0,87.0,546582,260.0,124
245,Apollo 13,1995,7.6,77.0,272096,173.84,140
246,12 Years a Slave,2013,8.1,96.0,647259,56.67,134
247,Blood Simple,1984,7.6,83.0,88880,2.15,99
248,Big Hero 6,2014,7.8,74.0,414987,222.53,102
249,Marriage Story,2019,7.9,94.0,253705,2.0,137
250,Harry Potter and the Half-Blood Prince,2009,7.6,78.0,480512,301.96,153
251,Warrior,2011,8.2,71.0,439609,13.66,140
252,Pan's Labyrinth,2006,8.2,98.0,623577,37.63,118
253,Hot Fuzz,2007,7.8,81.0,467056,23.64,121
254,The Sixth Sense,1999,8.1,64.0,918199,293.51,107
255,Edge of Tomorrow,2014,7.9,71.0,605611,100.21,113
256,In the Mood for Love,2000,8.1,85.0,127189,2.73,98
257,Sherlock Holmes,2009,7.6,57.0,586777,209.03,128
258,Star Wars: Episode V - The Empire Strikes Back,1980,8.7,82.0,1170153,290.48,124
259,Unforgiven,1992,8.2,85.0,379495,101.16,130
260,Tangled,2010,7.7,71.0,409641,200.82,100
261,Home Alone,1990,7.6,63.0,492822,285.76,103
262,Shaun of the Dead,2004,7.9,76.0,515914,13.54,99
263,The Thing,1982,8.1,57.0,375085,13.78,109
264,Shrek,2001,7.8,84.0,618540,267.67,90
265,Lost in Translation,2003,7.7,89.0,419464,44.59,102
266,Toy Story 4,2019,7.8,84.0,208393,434.04,100
267,American Gangster,2007,7.8,76.0,395961,130.16,157
268,Sleepers,1996,7.6,49.0,188271,49.1,147
269,Gone with the Wind,1939,8.1,97.0,292571,198.68,238
270,L.A. Confidential,1997,8.2,90.0,536628,64.62,138
271,Incendies,2010,8.3,80.0,153044,6.86,130
272,Memories of Murder,2003,8.1,82.0,143762,0.01,132
273,Star Wars: Episode VI - Return of the Jedi,1983,8.3,58.0,959022,309.13,131
274,Birdman or (The Unexpected Virtue of Ignorance),2014,7.7,87.0,585467,42.34,119
275,Star Trek,2009,7.9,82.0,579461,257.73,127
276,Once Upon a Time in the West,1968,8.5,80.0,305606,5.32,165
277,28 Days Later...,2002,7.6,73.0,379423,45.06,113
278,Hunt for the Wilderpeople,2016,7.9,81.0,113783,5.2,101
279,Rush,2013,8.1,74.0,436936,26.95,123
280,Skyfall,2012,7.8,81.0,633808,304.36,143
281,WALL·E,2008,8.4,95.0,1010369,223.81,98
282,Seven Samurai,1954,8.6,98.0,318941,0.27,207
283,Moonrise Kingdom,2012,7.8,84.0,321993,45.51,94
284,The Exorcist,1973,8.0,81.0,364448,232.91,122
285,The Deer Hunter,1978,8.1,86.0,314457,48.98,183
286,The Machinist,2004,7.7,61.0,361393,1.08,101
287,Mulan,1998,7.6,71.0,259630,120.62,88
288,"Monsters, Inc.",2001,8.1,79.0,823672,289.92,92
289,Just Mercy,2019,7.6,68.0,49386,,137
290,The Lives of Others,2006,8.4,89.0,362496,11.29,137
291,Black Hawk Down,2001,7.7,74.0,366767,108.64,144
292,The Pursuit of Happyness,2006,8.0,64.0,454067,163.57,117
293,Children of Men,2006,7.9,84.0,468106,35.55,109
294,Up,2009,8.2,88.0,945357,293.0,96
295,Moneyball,2011,7.6,87.0,374632,75.61,133
296,The Curious Case of Benjamin Button,2008,7.8,70.0,595006,127.51,166
297,The Wizard of Oz,1939,8.0,92.0,372890,2.08,102
298,The Little Mermaid,1989,7.6,88.0,239853,111.54,83
299,Land of Mine,2015,7.8,75.0,36389,0.44,100
300,What's Eating Gilbert Grape,1993,7.8,73.0,217261,9.17,118
301,The Count of Monte Cristo,2002,7.8,61.0,129875,54.23,131
302,Amadeus,1984,8.3,88.0,372225,51.97,160
303,Blue Is the Warmest Colour,2013,7.7,89.0,140096,2.2,180
304,Serenity,2005,7.8,74.0,284545,25.51,119
305,Amélie,2001,8.3,69.0,709196,33.23,122
306,Cast Away,2000,7.8,73.0,529942,233.63,143
307,Downfall,2004,8.2,82.0,334017,5.51,156
308,Finding Nemo,2003,8.1,90.0,957778,380.84,100
309,Lion,2016,8.0,69.0,216861,51.74,118
310,Taken,2008,7.8,51.0,567716,145.0,90
311,What Ever Happened to Baby Jane?,1962,8.1,75.0,50632,4.05,134
312,Princess Mononoke,1997,8.4,76.0,348420,2.38,134
313,True Grit,2010,7.6,80.0,314773,171.24,110
314,Airplane!,1980,7.7,78.0,216863,83.4,88
315,Saw,2004,7.6,46.0,381791,56.0,103
316,The Game,1997,7.8,61.0,348670,48.32,129
317,Crash,2004,7.7,66.0,421518,54.58,112
318,My Cousin Vinny,1992,7.6,68.0,108554,52.93,120
319,Big Fish,2003,8.0,58.0,417814,66.26,125
320,Mary Poppins,1964,7.8,88.0,159219,102.27,139
321,"O Brother, Where Art Thou?",2000,7.7,69.0,290106,45.51,107
322,The Sandlot,1993,7.8,55.0,79688,32.42,101
323,Chinatown,1974,8.1,92.0,297562,8.49,130
324,What We Do in the Shadows,2014,7.7,76.0,159666,3.33,86
325,Willy Wonka & the Chocolate Factory,1971,7.8,67.0,180143,4.0,100
326,The Magnificent Seven,1960,7.7,74.0,88336,4.91,128
327,The Graduate,1967,8.0,83.0,255446,104.95,106
328,The King's Speech,2010,8.0,88.0,644248,138.8,118
329,Grave of the Fireflies,1988,8.5,94.0,239383,,89
330,Mystic River,2003,7.9,84.0,422613,90.14,138
331,Gattaca,1997,7.8,64.0,282897,12.34,106
332,The Blind Side,2009,7.6,53.0,296221,255.96,129
333,The Last of the Mohicans,1992,7.7,76.0,152522,75.51,112
334,The Florida Project,2017,7.6,92.0,97176,5.9,111
335,Young Frankenstein,1974,8.0,80.0,144484,86.3,106
336,Dr. Strangelove or: How I Learned to Stop Worrying and Love the Bomb,1964,8.4,97.0,454442,0.28,95
337,King Kong,1933,7.9,90.0,79822,10.0,100
338,Empire of the Sun,1987,7.7,62.0,116910,22.24,153
339,3 Idiots,2009,8.4,67.0,349057,6.53,170
340,Do the Right Thing,1989,8.0,93.0,91135,27.55,120
341,Road to Perdition,2002,7.7,72.0,248872,104.45,117
342,Rushmore,1998,7.7,86.0,171144,17.11,93
343,Incredibles 2,2018,7.6,80.0,254527,608.58,118
344,The Bourne Identity,2002,7.9,68.0,512240,121.66,119
345,Slumdog Millionaire,2008,8.0,84.0,803763,141.32,120
346,Remember the Titans,2000,7.8,48.0,199687,115.65,113
347,Groundhog Day,1993,8.0,72.0,583546,70.91,101
348,Misery,1990,7.8,75.0,186739,61.28,107
349,Papillon,1973,8.0,58.0,122533,53.27,151
350,Midnight in Paris,2011,7.7,81.0,391472,56.82,94
351,Kill Bill: Vol. 2,2004,8.0,83.0,689985,66.21,137
352,The Thin Red Line,1998,7.6,78.0,174271,36.4,170
353,Scent of a Woman,1992,8.0,59.0,267538,63.9,156
354,Million Dollar Baby,2004,8.1,86.0,641387,100.49,132
355,Halloween,1978,7.7,87.0,234816,47.0,91
356,Star Trek Into Darkness,2013,7.7,72.0,464976,228.78,132
357,Donnie Brasco,1997,7.7,76.0,282815,41.91,127
358,Edward Scissorhands,1990,7.9,74.0,450556,56.36,105
359,The Quiet Man,1952,7.7,,35313,10.55,129
360,As Good as It Gets,1997,7.7,67.0,277915,148.48,139
361,Aladdin,1992,8.0,86.0,376683,217.35,90
362,Gone Baby Gone,2007,7.6,72.0,252669,20.3,114
363,Gravity,2013,7.7,96.0,774338,274.09,91
364,Searching,2018,7.6,71.0,143196,26.02,102
365,Rear Window,1954,8.4,100.0,448372,36.76,112
366,Lethal Weapon,1987,7.6,68.0,238616,65.21,109
367,Minority Report,2002,7.6,80.0,511912,132.07,145
368,Hell or High Water,2016,7.6,88.0,206484,26.86,102
369,Rosemary's Baby,1968,8.0,96.0,196172,,137
370,Fantastic Mr. Fox,2009,7.9,83.0,203133,21.0,87
371,Giant,1956,7.6,84.0,34464,,201
372,Before Sunrise,1995,8.1,77.0,275925,5.54,101
373,Life of Pi,2012,7.9,79.0,585289,124.99,127
374,The Royal Tenenbaums,2001,7.6,76.0,269322,52.36,110
375,Mr. Nobody,2009,7.8,63.0,218346,0.0,141
376,The Last Samurai,2003,7.7,55.0,403003,111.11,154
377,Blood Diamond,2006,8.0,64.0,503540,57.37,143
378,Falling Down,1993,7.6,56.0,173550,40.9,113
379,The Boondock Saints,1999,7.8,44.0,228307,0.03,108
380,The Secret in Their Eyes,2009,8.2,80.0,195310,6.39,129
381,Moon,2009,7.9,67.0,337351,5.01,97
382,3:10 to Yuma,2007,7.7,76.0,291297,53.61,122
383,Gifted,2017,7.6,60.0,101525,24.8,101
384,Y Tu Mamá También,2001,7.6,88.0,116666,13.62,106
385,The Searchers,1956,7.9,94.0,81098,,119
386,Monty Python and the Holy Grail,1975,8.2,91.0,504371,1.23,91
387,Blue Velvet,1986,7.7,76.0,183167,8.55,120
388,Being John Malkovich,1999,7.7,90.0,314913,22.86,113
389,How to Train Your Dragon,2010,8.1,75.0,673147,217.58,98
390,Magnolia,1999,8.0,77.0,291659,22.46,188
391,500 Days of Summer,2009,7.7,76.0,475717,32.39,95
392,In Bruges,2008,7.9,67.0,393062,7.76,107
393,Vertigo,1958,8.3,100.0,368220,3.2,128
394,First Blood,1982,7.7,61.0,228532,47.21,93
395,Man on Fire,2004,7.7,47.0,332093,77.91,146
396,Cat on a Hot Tin Roof,1958,8.0,84.0,45602,17.57,108
397,Zombieland,2009,7.6,73.0,523399,75.59,88
398,District 9,2009,7.9,81.0,641501,115.65,112
399,Sense and Sensibility,1995,7.6,84.0,103766,43.18,136
400,The Warriors,1979,7.6,65.0,94714,22.49,92
401,The Boy in the Striped Pajamas,2008,7.8,55.0,192725,9.03,94
402,Monty Python's Life of Brian,1979,8.1,77.0,370401,20.05,94
403,The Great Escape,1963,8.2,86.0,226717,12.1,172
404,Wild Tales,2014,8.1,77.0,179825,3.11,122
405,The Untouchables,1987,7.9,79.0,284842,76.27,119
406,Dangal,2016,8.4,,159765,12.39,161
407,Despicable Me,2010,7.6,72.0,504389,251.51,95
408,It's a Wonderful Life,1946,8.6,89.0,409679,,130
409,A Silent Voice: The Movie,2016,8.1,78.0,51357,,130
410,The Conversation,1974,7.8,85.0,100148,4.42,113
411,Who Framed Roger Rabbit,1988,7.7,83.0,183340,156.45,104
412,The Butterfly Effect,2004,7.6,30.0,454313,57.94,113
413,"Paris, Texas",1984,8.1,78.0,93361,2.18,145
414,Blow,2001,7.6,52.0,242570,52.99,124
415,The Theory of Everything,2014,7.7,72.0,408959,35.89,123
416,Gran Torino,2008,8.1,72.0,725809,148.1,116
417,Beauty and the Beast,1991,8.0,95.0,419574,218.97,84
418,Bridge of Spies,2015,7.6,81.0,290572,72.31,142
419,Isle of Dogs,2018,7.9,82.0,142198,32.02,101
420,Toy Story 3,2010,8.2,92.0,764079,415.0,103
421,Midnight Cowboy,1969,7.8,79.0,102048,44.79,113
422,Blazing Saddles,1974,7.7,73.0,127076,119.5,93
423,Boyz n the Hood,1991,7.8,76.0,127534,57.5,112
424,Glory,1989,7.8,78.0,124410,26.83,122
425,Match Point,2005,7.6,72.0,207545,23.09,124
426,Coraline,2009,7.7,80.0,199649,75.29,100
427,When Harry Met Sally...,1989,7.6,76.0,197736,92.82,95
428,The Fighter,2010,7.8,79.0,343560,93.62,116
429,Deliverance,1972,7.7,80.0,99430,7.06,109
430,Cool Hand Luke,1967,8.1,92.0,163546,16.22,127
431,Barry Lyndon,1975,8.1,89.0,151884,,185
432,Dog Day Afternoon,1975,8.0,86.0,237747,50.0,125
433,This Is Spinal Tap,1984,7.9,92.0,129936,0.19,82
434,Dara of Jasenovac,2020,8.3,,34054,,130
435,The Color Purple,1985,7.8,78.0,79148,98.47,154
436,Eastern Promises,2007,7.6,82.0,229471,17.11,100
437,The Last Picture Show,1971,8.0,93.0,43050,29.13,118
438,The Girl with the Dragon Tattoo,2009,7.8,76.0,209879,10.1,152
439,Ben-Hur,1959,8.1,90.0,221222,74.7,212
440,The Others,2001,7.6,74.0,340317,96.52,104
441,Chungking Express,1994,8.1,77.0,64745,0.6,102
442,The Holy Mountain,1973,7.9,76.0,37894,0.06,114
443,This Is England,2006,7.7,86.0,116213,0.33,101
444,The Fugitive,1993,7.8,87.0,269657,183.88,130
445,Brazil,1985,7.9,84.0,188776,9.93,132
446,Creed,2015,7.6,82.0,249858,109.77,133
447,"Crouching Tiger, Hidden Dragon",2000,7.8,94.0,254922,128.08,120
448,My Neighbor Totoro,1988,8.2,86.0,296212,1.11,86
449,Ran,1985,8.2,96.0,114069,4.14,162
450,The Bourne Supremacy,2004,7.7,73.0,437482,176.24,108
451,Cinema Paradiso,1988,8.5,80.0,233818,11.99,155
452,Fear and Loathing in Las Vegas,1998,7.6,41.0,261460,10.68,118
453,Walk the Line,2005,7.8,72.0,235952,119.52,136
454,Some Like It Hot,1959,8.2,98.0,246180,25.0,121
455,To Kill a Mockingbird,1962,8.2,88.0,295822,,129
456,The Fault in Our Stars,2014,7.7,69.0,347114,124.87,126
457,I Saw the Devil,2010,7.8,67.0,113144,0.13,144
458,Wreck-It Ralph,2012,7.7,72.0,383571,189.42,101
459,Raging Bull,1980,8.2,89.0,324922,23.38,129
460,Planet of the Apes,1968,8.0,79.0,166150,33.4,112
461,Naked,1993,7.8,84.0,35144,1.77,132
462,Stalker,1979,8.2,,118862,0.23,162
463,Dawn of the Planet of the Apes,2014,7.6,79.0,413819,208.55,130
464,Straight Outta Compton,2015,7.8,72.0,180611,161.2,147
465,Die Hard with a Vengeance,1995,7.6,58.0,366349,100.01,128
466,Captain Phillips,2013,7.8,82.0,425108,107.1,134
467,The Lego Movie,2014,7.7,83.0,325777,257.76,100
468,The Skin I Live In,2011,7.6,70.0,140513,3.19,120
469,Primal Fear,1996,7.7,47.0,191927,56.12,129
470,The Road Warrior,1981,7.6,77.0,167732,12.47,96
471,Singin' in the Rain,1952,8.3,99.0,221311,8.82,103
472,The Elephant Man,1980,8.1,78.0,222334,,124
473,Roma,2018,7.7,96.0,142593,,135
474,The Naked Gun: From the Files of Police Squad!,1988,7.6,76.0,154496,78.76,85
475,7 Kogustaki Mucize,2019,8.2,,36661,,132
476,Boyhood,2014,7.9,100.0,337450,25.38,165
477,The Bourne Ultimatum,2007,8.0,85.0,607254,227.47,115
478,North by Northwest,1959,8.3,98.0,301805,13.28,136
479,The Sting,1973,8.3,83.0,243505,159.6,129
480,Carlito's Way,1993,7.9,65.0,202709,36.95,144
481,Doctor Zhivago,1965,8.0,69.0,70550,111.72,197
482,JFK,1991,8.0,72.0,143410,70.41,189
483,Philadelphia,1993,7.7,66.0,226188,77.32,125
484,The Birds,1963,7.7,90.0,173145,11.4,119
485,Annie Hall,1977,8.0,92.0,253260,39.2,93
486,Dark City,1998,7.6,66.0,188955,14.38,100
487,Toy Story 2,1999,7.9,88.0,531953,245.85,92
488,Sling Blade,1996,8.0,84.0,87566,24.48,135
489,Das Boot,1981,8.3,86.0,233988,11.49,149
490,Close Encounters of the Third Kind,1977,7.6,90.0,186512,132.09,138
491,Awakenings,1990,7.8,74.0,127279,52.1,121
492,Only the Brave,2017,7.6,72.0,59607,18.34,134
493,Butch Cassidy and the Sundance Kid,1969,8.0,66.0,202972,102.31,110
494,Enter the Dragon,1973,7.7,83.0,97582,25.0,102
495,Miller's Crossing,1990,7.7,66.0,126776,5.08,115
496,The Illusionist,2006,7.6,68.0,356370,39.87,110
497,Detachment,2011,7.7,52.0,77985,0.07,98
498,Manhattan,1979,7.9,83.0,132351,45.7,96
499,In the Name of the Father,1993,8.1,84.0,158591,25.01,133
500,Akira,1988,8.0,,166844,0.55,124
501,Malcolm X,1992,7.7,73.0,87111,48.17,202
502,Spartacus,1960,7.9,87.0,125224,30.0,197
503,The Jungle Book,1967,7.6,65.0,167791,141.84,78
504,Bonnie and Clyde,1967,7.8,86.0,103363,,111
505,A Bronx Tale,1993,7.8,80.0,129478,17.27,121
506,The Fall,2006,7.9,64.0,107776,2.28,117
507,End of Watch,2012,7.6,68.0,229745,41.0,109
508,Metropolis,1927,8.3,98.0,161528,1.24,153
509,The Raid: Redemption,2011,7.6,73.0,191839,4.11,101
510,The Seventh Seal,1957,8.2,88.0,167286,,96
511,Togo,2019,8.0,69.0,39354,,113
512,La Haine,1995,8.1,,152814,0.31,98
513,Roman Holiday,1953,8.0,78.0,128345,,118
514,Lost Highway,1997,7.6,52.0,132470,3.8,134
515,Star Trek II: The Wrath of Khan,1982,7.7,67.0,113492,78.91,113
516,Hara-Kiri,1962,8.6,85.0,43665,,133
517,Serpico,1973,7.7,87.0,111221,29.8,130
518,Perfect Blue,1997,8.0,,59870,0.78,81
519,The Best Offer,2013,7.8,49.0,109732,0.09,131
520,Tumbbad,2018,8.3,,28962,,104
521,Hachi: A Dog's Tale,2009,8.1,,256722,,93
522,Dogville,2003,8.0,60.0,139041,1.53,178
523,The Remains of the Day,1993,7.8,86.0,67080,22.95,134
524,Rebecca,1940,8.1,86.0,125253,4.36,130
525,God's Own Country,2017,7.7,85.0,25890,0.34,104
526,Happiness,1998,7.7,81.0,66789,2.81,134
527,The Name of the Rose,1986,7.7,54.0,102806,7.15,130
528,Hotel Rwanda,2004,8.1,79.0,336651,23.53,121
529,Me and Earl and the Dying Girl,2015,7.7,74.0,124362,6.74,105
530,Dawn of the Dead,1978,7.9,71.0,112160,5.1,127
531,The French Connection,1971,7.7,94.0,111290,15.63,104
532,The King of Comedy,1982,7.8,73.0,90979,2.5,109
533,A Fistful of Dollars,1964,8.0,65.0,199936,14.5,99
534,The Wrestler,2008,7.9,80.0,290872,26.24,109
535,The Man Who Shot Liberty Valance,1962,8.1,94.0,69508,,123
536,The Maltese Falcon,1941,8.0,96.0,149881,2.11,100
537,Sunset Blvd.,1950,8.4,,203691,,110
538,Billy Elliot,2000,7.7,74.0,127627,22.0,110
539,After Hours,1985,7.7,90.0,60837,10.6,97
540,Ponyo,2008,7.7,86.0,127344,15.09,101
541,Cinderella Man,2005,8.0,69.0,177353,61.65,144
542,Before Sunset,2004,8.1,90.0,239262,5.82,80
543,Fried Green Tomatoes,1991,7.7,64.0,67514,82.42,130
544,Before Midnight,2013,7.9,94.0,143312,8.11,109
545,Adaptation.,2002,7.7,83.0,179935,22.25,115
546,50/50,2011,7.6,72.0,316824,35.01,100
547,Funny Games,1997,7.6,69.0,65997,,108
548,Battle Royale,2000,7.6,81.0,170161,,114
549,The Apartment,1960,8.3,94.0,166219,18.6,125
550,Dirty Harry,1971,7.7,90.0,144408,35.9,102
551,Clerks,1994,7.7,70.0,212341,3.15,92
552,A Separation,2011,8.3,95.0,222791,7.1,123
553,"Blood In, Blood Out",1993,8.0,47.0,29062,4.5,180
554,Enemy at the Gates,2001,7.6,53.0,245476,51.4,131
555,A Streetcar Named Desire,1951,8.0,97.0,99952,8.0,122
556,Klaus,2019,8.2,65.0,109313,,96
557,Mississippi Burning,1988,7.8,65.0,89399,34.6,128
558,The Celebration,1998,8.0,82.0,79191,1.65,105
559,Sing Street,2016,7.9,79.0,86126,3.24,106
560,Lord of War,2005,7.6,62.0,295829,24.15,122
561,Kiki's Delivery Service,1989,7.8,83.0,126508,,103
562,Raatchasan,2018,8.5,,26623,,170
563,Ghost in the Shell,1995,8.0,76.0,130741,0.52,83
564,The Man from Earth,2007,7.9,,175447,,87
565,Harold and Maude,1971,7.9,62.0,71447,,91
566,The Body,2012,7.6,,58715,,112
567,The Wild Bunch,1969,7.9,97.0,77933,12.06,135
568,Amores Perros,2000,8.1,83.0,225558,5.38,154
569,The Longest Day,1962,7.8,75.0,52418,39.1,178
570,21 Grams,2003,7.6,70.0,225839,16.29,124
571,Shoplifters,2018,7.9,93.0,64721,3.31,121
572,Kramer vs. Kramer,1979,7.8,77.0,134761,106.26,105
573,Ed Wood,1994,7.8,70.0,165881,5.89,127
574,Fallen Angels,1995,7.7,71.0,27343,,99
575,Neon Genesis Evangelion: The End of Evangelion,1997,8.1,,40403,,87
576,Gandhi,1982,8.0,79.0,218852,52.77,191
577,Solaris,1972,8.1,90.0,82112,,167
578,Baahubali: The Beginning,2015,8.0,,103956,6.74,159
579,Changeling,2008,7.7,63.0,240831,35.74,141
580,Andhadhun,2018,8.3,,74037,1.37,139
581,How to Train Your Dragon 2,2014,7.8,76.0,308187,177.0,102
582,Paths of Glory,1957,8.4,90.0,180422,,88
583,Charade,1963,7.9,83.0,69738,13.47,113
584,The Insider,1999,7.8,84.0,161075,28.97,157
585,Network,1976,8.1,83.0,146255,,121
586,Goldfinger,1964,7.7,87.0,175468,51.08,110
587,High Noon,1952,7.9,89.0,97981,9.45,85
588,For a Few Dollars More,1965,8.2,74.0,235066,15.0,132
589,Let the Right One In,2008,7.9,82.0,206589,2.12,114
590,"Synecdoche, New York",2008,7.6,67.0,84182,3.08,124
591,East of Eden,1955,7.9,72.0,40807,,118
592,8½,1963,8.0,91.0,109929,0.05,138
593,Paper Moon,1973,8.1,77.0,42645,30.93,102
594,Kung Fu Hustle,2004,7.7,78.0,128329,17.11,99
595,The Artist,2011,7.9,89.0,231967,44.67,100
596,Kubo and the Two Strings,2016,7.8,84.0,119149,48.02,101
597,The Nightmare Before Christmas,1993,8.0,82.0,302056,75.08,76
598,Drishyam,2015,8.2,,72196,0.74,163
599,Shadow of a Doubt,1943,7.8,94.0,60184,,108
600,The Last King of Scotland,2006,7.7,74.0,176545,17.61,123
601,Badlands,1973,7.8,93.0,66850,,94
602,Like Stars on Earth,2007,8.4,,171783,1.22,165
603,Nausicaä of the Valley of the Wind,1984,8.1,86.0,153175,0.5,117
604,The Bridge on the River Kwai,1957,8.1,87.0,205230,44.91,161
605,On the Waterfront,1954,8.1,91.0,143428,9.6,108
606,Finding Neverland,2004,7.6,67.0,199623,51.68,106
607,M,1931,8.3,,145045,0.03,99
608,Persona,1966,8.1,86.0,105048,,83
609,All About Eve,1950,8.2,98.0,121642,0.01,138
610,All the President's Men,1976,7.9,84.0,104361,70.6,138
611,Lucky Number Slevin,2006,7.7,53.0,300635,22.49,110
612,I Am Sam,2001,7.7,28.0,143622,40.31,132
613,Mommy,2014,8.1,74.0,51533,3.49,139
614,Hero,2002,7.9,85.0,174665,53.71,120
615,The Last Emperor,1987,7.7,76.0,95441,43.98,163
616,Philomena,2013,7.6,77.0,94774,37.71,98
617,Seven Pounds,2008,7.6,36.0,288476,69.95,123
618,Paddington 2,2017,7.8,88.0,62874,40.44,103
619,Glengarry Glen Ross,1992,7.7,82.0,96648,10.73,100
620,Short Term 12,2013,8.0,82.0,82615,1.01,96
621,Stagecoach,1939,7.8,93.0,44238,,96
622,The Iron Giant,1999,8.0,85.0,173615,23.16,86
623,Rio Bravo,1959,8.0,93.0,56802,12.54,141
624,Mother,2009,7.8,79.0,54276,0.55,129
625,Flipped,2010,7.7,45.0,82106,1.75,90
626,Ordinary People,1980,7.7,86.0,47619,54.8,124
627,Sabrina,1954,7.7,72.0,59972,,113
628,Ray,2004,7.7,73.0,139450,75.33,152
629,Castle in the Sky,1986,8.0,78.0,151887,,125
630,Night of the Living Dead,1968,7.9,89.0,117487,0.09,96
631,The Right Stuff,1983,7.8,91.0,56568,21.5,193
632,On Golden Pond,1981,7.6,68.0,27927,119.29,109
633,Rebel Without a Cause,1955,7.7,89.0,84202,,111
634,The Wind Rises,2013,7.8,83.0,75036,5.21,126
635,Fiddler on the Roof,1971,8.0,67.0,39859,80.5,181
636,My Left Foot,1989,7.9,97.0,68890,14.74,103
637,Yip Man,2008,8.0,59.0,212600,,106
638,Evil Dead II,1987,7.8,72.0,149360,5.92,84
639,The Outlaw Josey Wales,1976,7.8,69.0,66194,31.8,135
640,The Man from Nowhere,2010,7.8,,63653,0.01,119
641,October Sky,1999,7.8,71.0,83534,32.48,108
642,Rashomon,1950,8.2,98.0,154368,0.1,88
643,Dancer in the Dark,2000,8.0,61.0,103146,4.18,140
644,The Bridges of Madison County,1995,7.6,69.0,73986,71.52,135
645,Witness for the Prosecution,1957,8.4,,110487,8.18,116
646,The Dirty Dozen,1967,7.7,73.0,67632,45.3,150
647,The Raid 2,2014,8.0,71.0,115130,2.63,150
648,Pink Floyd: The Wall,1982,8.1,47.0,76590,22.24,95
649,Nebraska,2013,7.7,87.0,112993,17.65,115
650,Time of the Gypsies,1988,8.2,,27430,0.28,142
651,Days of Heaven,1978,7.8,93.0,53471,,94
652,In the Heat of the Night,1967,7.9,75.0,68513,24.38,110
653,Beasts of No Nation,2015,7.7,79.0,74833,0.08,137
654,Wings of Desire,1987,8.0,79.0,65544,3.33,128
655,The Great Beauty,2013,7.8,86.0,81961,2.85,141
656,Modern Times,1936,8.5,96.0,220587,0.16,87
657,La Dolce Vita,1960,8.0,95.0,67338,19.52,174
658,Gangs of Wasseypur,2012,8.2,89.0,83483,,321
659,Rope,1948,8.0,73.0,131127,,80
660,The Day of the Jackal,1973,7.8,80.0,37827,16.06,143
661,Dial M for Murder,1954,8.2,75.0,160152,0.01,105
662,Barton Fink,1991,7.7,69.0,114069,6.15,116
663,25th Hour,2002,7.6,68.0,170556,13.06,135
664,Hannah and Her Sisters,1986,7.9,90.0,67747,40.08,107
665,The Secret World of Arrietty,2010,7.6,80.0,82303,19.2,94
666,Song of the Sea,2014,8.1,85.0,52686,0.86,93
667,The Great Dictator,1940,8.4,,205223,0.29,125
668,Nosferatu,1922,7.9,,89538,,94
669,A Prophet,2009,7.9,90.0,94173,2.08,155
670,Cabaret,1972,7.8,80.0,48748,42.77,124
671,Breaking the Waves,1996,7.8,76.0,62910,4.04,159
672,Fantastic Planet,1973,7.8,73.0,26019,0.19,72
673,Double Indemnity,1944,8.3,95.0,145013,5.72,107
674,Brief Encounter,1945,8.0,92.0,36149,,86
675,The Wave,2008,7.6,,103619,,107
676,Paprika,2006,7.7,81.0,72501,0.88,90
677,Amour,2012,7.9,94.0,93926,6.74,127
678,PK,2014,8.1,,164879,10.62,153
679,Escape from Alcatraz,1979,7.6,76.0,123115,43.0,112
680,Once,2007,7.8,88.0,111296,9.44,86
681,Whisper of the Heart,1995,7.9,75.0,53238,,111
682,Hamlet,1996,7.7,,36172,4.41,242
683,Secrets & Lies,1996,8.0,91.0,38124,13.42,136
684,Breathless,1960,7.8,,74091,0.34,90
685,Yojimbo,1961,8.2,,112644,,110
686,Judgment at Nuremberg,1961,8.2,60.0,70281,,179
687,It Happened One Night,1934,8.1,87.0,95036,4.36,105
688,The Killing Fields,1984,7.8,76.0,52036,34.7,141
689,Being There,1979,8.0,83.0,66231,30.18,130
690,The Chaser,2008,7.8,64.0,59315,,125
691,Run Lola Run,1998,7.6,77.0,189265,7.27,80
692,Bicycle Thieves,1948,8.3,,148453,0.33,89
693,Letters from Iwo Jima,2006,7.9,89.0,154771,13.76,141
694,High and Low,1963,8.4,,35600,,143
695,Touch of Evil,1958,8.0,99.0,98967,2.24,95
696,Pride,2014,7.8,79.0,52463,,119
697,A Little Princess,1995,7.7,83.0,32455,10.02,97
698,"Planes, Trains & Automobiles",1987,7.6,72.0,125823,49.53,93
699,The Tenant,1976,7.7,71.0,40387,1.92,126
700,Three Colors: Blue,1993,7.9,85.0,91337,1.32,94
701,Mary and Max,2009,8.1,,165868,,92
702,Gaslight,1944,7.8,,25010,,114
703,The Straight Story,1999,8.0,86.0,82857,6.2,112
704,From Here to Eternity,1953,7.6,85.0,43745,30.5,118
705,The White Ribbon,2009,7.8,82.0,69232,2.22,144
706,Ikiru,1952,8.3,,69620,0.06,143
707,Black Book,2006,7.7,71.0,73038,4.4,145
708,Once Were Warriors,1994,7.9,77.0,31774,2.2,102
709,All That Jazz,1979,7.9,72.0,28526,37.82,123
710,The Long Goodbye,1973,7.6,87.0,26695,0.96,112
711,Victoria,2015,7.6,77.0,53680,,138
712,Watership Down,1978,7.6,64.0,33937,,91
713,Guess Who's Coming to Dinner,1967,7.8,63.0,40225,56.7,108
714,Where Eagles Dare,1968,7.7,63.0,52330,,158
715,The 400 Blows,1959,8.1,,106740,,99
716,La Vie En Rose,2007,7.6,66.0,83265,10.3,140
717,The Mirror,1975,8.1,80.0,40772,0.18,107
718,The Lion in Winter,1968,7.9,,29241,22.28,134
719,The Manchurian Candidate,1962,7.9,94.0,71601,,126
720,The Kid,1921,8.3,,115044,5.45,68
721,City Lights,1931,8.5,99.0,169662,0.02,87
722,Tangerines,2013,8.2,73.0,41572,0.14,87
723,Kelly's Heroes,1970,7.6,50.0,45636,1.38,144
724,Le Samouraï,1967,8.1,,46122,0.04,101
725,Good Bye Lenin!,2003,7.7,68.0,138831,4.06,121
726,The Odd Couple,1968,7.7,86.0,31942,44.53,105
727,The Killing,1956,8.0,91.0,82478,,84
728,All About My Mother,1999,7.8,87.0,89895,8.26,101
729,Drishyam,2013,8.4,,34011,,160
730,The Secret of Kells,2009,7.6,81.0,32395,0.69,75
731,Patton,1970,7.9,91.0,94251,61.7,172
732,Loving Vincent,2017,7.8,62.0,51614,6.74,94
733,Open Your Eyes,1997,7.7,,64483,0.37,119
734,Andrei Rublev,1966,8.1,,47844,0.1,205
735,Il Postino,1994,7.7,81.0,33961,21.85,108
736,Fanny and Alexander,1982,8.1,100.0,58163,4.97,188
737,A Man Called Ove,2015,7.7,70.0,48296,3.36,116
738,Dead Man,1995,7.6,62.0,91136,1.04,121
739,The Night of the Hunter,1955,8.0,99.0,82692,0.65,92
740,The Big Sleep,1946,7.9,,79277,6.54,114
741,Sympathy for Mr. Vengeance,2002,7.6,56.0,63389,0.05,129
742,The African Queen,1951,7.7,91.0,72044,0.54,105
743,Belle de Jour,1967,7.7,,40758,0.03,100
744,The Tale of The Princess Kaguya,2013,8.0,89.0,39698,1.51,137
745,Three Colors: Red,1994,8.1,100.0,92158,4.04,99
746,Porco Rosso,1992,7.7,83.0,79294,,94
747,Dead Man's Shoes,2004,7.6,52.0,50074,0.01,90
748,Children of Heaven,1997,8.3,77.0,66435,0.93,89
749,Kagemusha,1980,8.0,84.0,32529,,162
750,The Muppet Movie,1979,7.6,74.0,33141,76.66,95
751,Strangers on a Train,1951,7.9,88.0,124105,7.63,101
752,The Hustler,1961,8.0,90.0,75508,8.28,134
753,The Double Life of Véronique,1991,7.8,86.0,43153,2.0,98
754,Short Cuts,1993,7.7,79.0,42521,6.11,188
755,The Diving Bell and the Butterfly,2007,8.0,92.0,103750,5.99,112
756,Infernal Affairs,2002,8.0,75.0,118462,0.17,101
757,"South Park: Bigger, Longer & Uncut",1999,7.7,73.0,192933,52.04,81
758,The Treasure of the Sierra Madre,1948,8.2,98.0,115325,5.01,126
759,The Man Who Would Be King,1975,7.8,91.0,45427,,129
760,Perfect Strangers,2016,7.8,,58156,,96
761,Wild Strawberries,1957,8.2,88.0,97776,,91
762,Mysterious Skin,2004,7.6,73.0,66242,0.7,105
763,Notorious,1946,7.9,100.0,92963,10.46,102
764,3-Iron,2004,8.0,72.0,51192,0.24,88
765,Waking Life,2001,7.8,83.0,61069,2.89,99
766,The Philadelphia Story,1940,7.9,96.0,64103,,112
767,Soorarai Pottru,2020,8.6,,56897,,153
768,A Christmas Story,1983,7.9,77.0,133462,20.61,93
769,Fantasia,1940,7.7,96.0,89340,76.41,125
770,The Lady Vanishes,1938,7.8,98.0,48027,,96
771,Inherit the Wind,1960,8.1,75.0,27555,,128
772,Leviathan,2014,7.6,92.0,49921,1.09,140
773,Zulu,1964,7.7,77.0,36359,,138
774,The Verdict,1982,7.7,77.0,36500,54.0,129
775,The Cabinet of Dr. Caligari,1920,8.1,,58026,,67
776,Wait Until Dark,1967,7.8,81.0,27948,17.55,108
777,The Legend of 1900,1998,8.1,58.0,59598,0.26,169
778,The Motorcycle Diaries,2004,7.8,75.0,97268,16.76,126
779,Rififi,1955,8.1,97.0,29761,0.06,118
780,The Day the Earth Stood Still,1951,7.7,,76590,,92
781,The World's Fastest Indian,2005,7.8,68.0,52268,5.13,127
782,Batman: Mask of the Phantasm,1993,7.8,,44340,5.62,76
783,The Conformist,1970,8.0,100.0,27542,0.54,113
784,Frankenstein,1931,7.8,91.0,65859,,70
785,Death Note,2006,7.7,,28810,,126
786,The 39 Steps,1935,7.6,93.0,52537,,86
787,Repulsion,1965,7.7,91.0,49332,,105
788,Withnail & I,1987,7.7,84.0,40763,1.54,107
789,Talk to Her,2002,7.9,86.0,105306,9.28,112
790,A Very Long Engagement,2004,7.6,76.0,71199,6.17,133
791,Underground,1995,8.1,,55580,0.17,167
792,Freaks,1932,7.9,80.0,42440,,64
793,Elite Squad,2007,8.0,33.0,98765,0.01,115
794,The Message,1976,8.2,,44265,,177
795,When Marnie Was There,2014,7.7,72.0,33716,0.77,103
796,The Broken Circle Breakdown,2012,7.7,70.0,39665,0.18,111
797,Night on Earth,1991,7.8,68.0,55946,2.02,129
798,Fitzcarraldo,1982,8.1,,31979,,158
799,A Man for All Seasons,1966,7.7,72.0,31698,28.35,120
800,Tokyo Story,1953,8.2,,54163,,136
801,The Best Years of Our Lives,1946,8.0,93.0,57772,23.65,170
802,After the Wedding,2006,7.7,78.0,32444,0.41,120
803,The Red Shoes,1948,8.1,,31386,10.9,135
804,The Grapes of Wrath,1940,8.0,96.0,86079,0.06,129
805,Arsenic and Old Lace,1942,8.0,,65544,,118
806,The Hidden Fortress,1958,8.1,,35348,,126
807,Mr. Smith Goes to Washington,1939,8.1,73.0,107832,9.6,129
808,The Salesman,2016,7.8,85.0,52326,2.4,124
809,Ninja Scroll,1993,7.9,,34832,,94
810,Lilya 4-Ever,2002,7.8,82.0,42986,0.18,109
811,Duck You Sucker,1971,7.6,77.0,30477,0.7,138
812,"Aguirre, the Wrath of God",1972,7.9,,52896,,95
813,The Adventures of Robin Hood,1938,7.9,97.0,47457,3.98,102
814,All Quiet on the Western Front,1930,8.0,91.0,57635,3.27,152
815,Frost/Nixon,2008,7.7,80.0,103849,18.59,122
816,The Vanishing,1988,7.7,,34321,,107
817,"I, Daniel Blake",2016,7.9,78.0,54654,0.26,100
818,Throne of Blood,1957,8.1,,47279,,110
819,Autumn Sonata,1978,8.2,,27939,,99
820,Laura,1944,8.0,,43105,4.36,88
821,The Little Prince,2015,7.7,70.0,57332,1.34,108
822,Cries & Whispers,1972,8.1,,30664,1.74,91
823,Hedwig and the Angry Inch,2001,7.7,85.0,32140,3.03,95
824,The Battle of Algiers,1966,8.1,96.0,53830,0.06,121
825,Amarcord,1973,7.9,,40295,0.29,123
826,Red River,1948,7.8,,28488,,133
827,Control,2007,7.7,78.0,61952,0.87,122
828,Gilda,1946,7.7,,28272,,110
829,The Station Agent,2003,7.6,81.0,67673,5.74,89
830,Crimes and Misdemeanors,1989,7.9,77.0,55111,18.25,104
831,Eyes Without a Face,1960,7.7,90.0,28032,0.05,90
832,The Experiment,2001,7.7,60.0,91189,0.14,120
833,The Sea Inside,2004,8.0,74.0,78019,2.09,126
834,Scarface,1932,7.8,87.0,25575,,93
835,Wolf Children,2012,8.1,71.0,39467,,117
836,Chhichhore,2019,8.2,,34912,0.9,143
837,Ivan's Childhood,1962,8.1,,32297,,84
838,Rang De Basanti,2006,8.2,,112892,2.2,167
839,Zindagi Na Milegi Dobara,2011,8.2,,68641,3.11,155
840,The Bandit,1996,8.2,,64883,,128
841,Winter Sleep,2014,8.1,88.0,47358,0.17,196
842,Persepolis,2007,8.0,90.0,89305,4.45,96
843,Mustang,2015,7.6,83.0,36241,0.85,97
844,Cowboy Bebop: The Movie,2001,7.9,61.0,43331,1.0,115
845,Three Colors: White,1994,7.6,88.0,65507,1.46,92
846,Shine,1996,7.7,87.0,51633,35.81,105
847,Ayla: The Daughter of War,2017,8.4,,34871,,125
848,Adam's Apples,2005,7.8,51.0,46207,0.0,94
849,Invasion of the Body Snatchers,1956,7.7,92.0,45284,,80
850,A Hard Day's Night,1964,7.6,96.0,40644,13.78,87
851,Cape Fear,1962,7.7,76.0,26665,,106
852,The Discreet Charm of the Bourgeoisie,1972,7.9,93.0,39265,0.2,102
853,The Wages of Fear,1953,8.1,85.0,55274,,131
854,Peeping Tom,1960,7.7,,31770,0.08,101
855,In a Lonely Place,1950,8.0,,27271,,94
856,Lagaan: Once Upon a Time in India,2001,8.1,84.0,105837,0.07,224
857,Diabolique,1955,8.0,,61892,,117
858,Bajrangi Bhaijaan,2015,8.0,,73028,8.18,163
859,Gully Boy,2019,8.0,65.0,32525,5.57,154
860,Interstate 60: Episodes of the Road,2002,7.7,,30216,,116
861,To Have and Have Not,1944,7.8,,31368,,100
862,"Black Cat, White Cat",1998,8.1,73.0,51241,0.35,127
863,Vivre Sa Vie,1962,8.0,,28549,,85
864,Fearless,2006,7.6,70.0,73126,24.63,104
865,Down by Law,1986,7.8,75.0,48237,1.44,107
866,Vikram Vedha,2017,8.4,,29285,,147
867,"Spring, Summer, Fall, Winter... and Spring",2003,8.0,85.0,78086,2.38,103
868,The Past,2013,7.8,85.0,45337,1.33,130
869,To Be or Not to Be,1942,8.2,86.0,30787,,99
870,The Bride of Frankenstein,1935,7.8,95.0,43856,4.36,75
871,Ace in the Hole,1951,8.1,72.0,31988,3.97,111
872,In America,2002,7.7,76.0,40556,15.54,105
873,Key Largo,1948,7.8,,37240,,100
874,My Name Is Khan,2010,8.0,50.0,99238,4.02,165
875,The Innocents,1961,7.8,88.0,27308,2.62,100
876,Kal Ho Naa Ho,2003,7.9,54.0,63896,1.79,186
877,Stalag 17,1953,8.0,84.0,51300,,120
878,Joint Security Area,2000,7.8,58.0,26997,,110
879,Once Upon a Time in Anatolia,2011,7.9,82.0,42691,0.14,157
880,The Taking of Pelham One Two Three,1974,7.7,68.0,26983,0.85,104
881,His Girl Friday,1940,7.9,,54124,0.3,92
882,La Strada,1954,8.0,,58808,,108
883,Out of the Past,1947,8.0,,33225,,97
884,Loveless,2017,7.6,86.0,30188,0.57,127
885,Evil,2003,7.8,61.0,35855,0.02,113
886,Head-On,2004,7.9,78.0,51658,,121
887,No Man's Land,2001,7.9,84.0,44999,1.06,98
888,The Lunchbox,2013,7.8,76.0,51092,4.23,104
889,The Passion of Joan of Arc,1928,8.1,,48547,0.02,114
890,Sweet Smell of Success,1957,8.0,100.0,28556,,96
891,Only Yesterday,1991,7.6,90.0,27701,0.45,118
892,The Thin Man,1934,8.0,86.0,26889,,91
893,Bringing Up Baby,1938,7.8,91.0,55684,,102
894,The Chorus,2004,7.9,56.0,57902,3.64,97
895,The Gold Rush,1925,8.2,,102308,5.45,95
896,My Father and My Son,2005,8.3,,79998,,112
897,The Return,2003,8.0,82.0,42928,0.5,110
898,Darbareye Elly,2009,8.0,87.0,46729,0.11,119
899,Raise the Red Lantern,1991,8.1,,29929,2.6,125
900,Au Revoir les Enfants,1987,8.0,88.0,31470,4.54,104
901,The Girl Who Leapt Through Time,2006,7.7,,61085,,98
902,Fireworks,1997,7.8,,28043,0.23,103
903,Vampire Hunter D: Bloodlust,2000,7.7,62.0,29485,0.15,103
904,Hard Boiled,1992,7.8,,47041,,128
905,Baahubali 2: The Conclusion,2017,8.2,,76258,20.19,167
906,K.G.F: Chapter 1,2018,8.2,,38102,,156
907,Rockstar,2011,7.7,,39885,0.99,159
908,Departures,2008,8.1,68.0,48969,1.5,130
909,Lupin the 3rd: Castle of Cagliostro,1979,7.7,71.0,27489,,102
910,Nobody Knows,2004,8.1,88.0,25225,0.68,141
911,Sunrise,1927,8.1,,47196,0.54,94
912,The General,1926,8.1,,82028,1.03,67
913,"4 Months, 3 Weeks and 2 Days",2007,7.9,97.0,57042,1.19,113
914,The Invisible Man,1933,7.7,87.0,31093,,71
915,Love Me If You Dare,2003,7.6,45.0,67696,0.55,93
916,In a Better World,2010,7.6,65.0,38656,1.01,118
917,Jules and Jim,1962,7.8,97.0,38115,,105
918,The Exterminating Angel,1962,8.1,,30063,,95
919,Sleuth,1972,8.0,,45016,4.08,138
920,Queen,2013,8.2,,61061,1.43,146
921,The Purple Rose of Cairo,1985,7.7,75.0,47473,10.63,82
922,Battleship Potemkin,1925,8.0,97.0,53632,0.05,66
923,Farewell My Concubine,1993,8.1,,25399,5.22,171
924,Kind Hearts and Coronets,1949,8.0,,34784,,106
925,Harvey,1950,7.9,,52771,,104
926,Swades,2004,8.2,,83556,1.22,189
927,Confessions,2010,7.8,,36059,,106
928,G.O.R.A.,2004,8.0,,57668,,127
929,Nights of Cabiria,1957,8.1,,43383,0.75,110
930,Bhaag Milkha Bhaag,2013,8.2,,61562,1.63,186
931,Anand,1971,8.3,,30939,,122
932,Celda 211,2009,7.6,,64273,,113
933,Tokyo Godfathers,2003,7.8,73.0,32219,0.13,92
934,The Virgin Spring,1960,8.1,,26975,1.53,89
935,L'Avventura,1960,7.9,,26915,,144
936,The Magdalene Sisters,2002,7.7,83.0,26075,4.89,114
937,Elite Squad 2: The Enemy Within,2010,8.0,71.0,79663,0.1,115
938,Pink,2016,8.1,,39697,1.24,136
939,Love and Death,1975,7.7,89.0,36388,,85
940,Lifeboat,1944,7.6,78.0,26677,,97
941,My Sassy Girl,2001,8.0,,45645,,137
942,Talvar,2015,8.2,,31484,0.34,132
943,Sanjuro,1962,8.1,,33584,,96
944,Kahaani,2012,8.1,,58200,1.04,122
945,Central Station,1998,8.0,80.0,36780,5.6,115
946,The Triplets of Belleville,2003,7.8,91.0,50884,7.0,78
947,The Killer,1989,7.8,82.0,45887,,111
948,The Ladykillers,1955,7.7,91.0,26795,,91
949,Uri: The Surgical Strike,2018,8.2,,44072,4.19,138
950,Barfi!,2012,8.1,,76273,2.8,151
951,Hiroshima Mon Amour,1959,7.9,,28835,0.09,90
952,Miracle on 34th Street,1947,7.9,88.0,41839,2.65,96
953,The Lost Weekend,1945,7.9,,33852,9.46,101
954,Nine Queens,2000,7.9,80.0,50108,1.22,114
955,Munna Bhai M.B.B.S.,2003,8.1,,74554,,156
956,Dilwale Dulhania Le Jayenge,1995,8.1,,63980,,181
957,Haider,2014,8.1,,50741,0.9,160
958,Duck Soup,1933,7.8,93.0,55852,,69
959,Hera Pheri,2000,8.2,,57697,,156
960,Dil Chahta Hai,2001,8.1,,67233,0.3,183
961,Black,2005,8.2,,33519,0.73,122
962,Sherlock Jr.,1924,8.2,,42883,0.98,45
963,Baby,2015,8.0,,53113,,159
964,Knockin' on Heaven's Door,1997,8.0,,27993,0.0,87
965,Badhaai Ho,2018,8.0,,28418,,124
966,White Heat,1949,8.1,,30071,,114
967,The Shop Around the Corner,1940,8.1,96.0,28779,0.2,99
968,C.R.A.Z.Y.,2005,7.9,81.0,31577,,129
969,Joyeux Noel,2005,7.7,70.0,28135,1.05,116
970,Udaan,2010,8.2,,42570,0.01,134
971,Special 26,2013,8.0,,51410,1.08,144
972,Veer-Zaara,2004,7.8,67.0,49448,2.92,192
973,Udta Punjab,2016,7.8,,27409,,148
974,Tae Guk Gi: The Brotherhood of War,2004,8.1,64.0,37996,1.11,140
975,Zelig,1983,7.7,,40173,11.8,79
976,The Muppet Christmas Carol,1992,7.7,64.0,50589,27.28,85
977,Andaz Apna Apna,1994,8.2,,49589,,160
978,Le Dîner de Cons,1998,7.7,73.0,37712,4.07,80
979,Jab We Met,2007,7.9,,48102,0.41,138
980,The Rules of the Game,1939,8.0,,26957,,110
981,La Grande Illusion,1937,8.1,,34104,0.17,113
982,The Edge of Heaven,2007,7.8,85.0,30962,0.74,122
983,A Wednesday,2008,8.1,,74238,,104
984,A Night at the Opera,1935,7.9,,30765,2.54,96
985,English Vinglish,2012,7.8,,33883,1.67,134
986,Raazi,2018,7.8,,25725,,138
987,Chak De! India,2007,8.2,68.0,74695,1.11,153
988,Kai Po Che,2013,7.7,40.0,32990,1.12,120
989,Sholay,1975,8.2,,51651,,162
990,Paan Singh Tomar,2012,8.2,,33478,0.04,135
991,The Circus,1928,8.1,90.0,30635,,72
992,Dev.D,2009,8.0,,28920,0.01,144
993,OMG: Oh My God!,2012,8.1,,52201,0.92,125
994,Airlift,2016,8.0,,53120,,130
995,Lage Raho Munna Bhai,2006,8.1,,43422,2.22,144
996,Vizontele,2001,8.0,,33956,,110
997,M.S. Dhoni: The Untold Story,2016,7.8,,41043,1.78,184
998,The Breath,2009,8.0,,32052,,128
999,Vicky Donor,2012,7.8,,39950,0.17,126
